	MEAN	STD
BCA	60.20501398932828	9.961745220146945
CAD	59.85251954821894	6.374421730227352
IBD	57.27255179513576	7.832338461683434
T2D	60.52280676187701	6.395605373795237
